{
	"EchoTime1": 0.00492,
	"EchoTime2": 0.00738,
	"EffectiveEchoSpacing": 0.00093
}
